{
    "no_of_material_models":2,

    "material_models":[
        {   "id":0,"name":"concrete_0", "no_of_ranges":3,
			"formulas":[
				"-30000*(2*(x/-0.002)-(x/-0.002)**2)",
				"((3320*(30000*0.001)**0.5)+6900)*1000*x",
				"(2*10**3)/(1+(200*x)**(1/2))"
			],
			"range_upper_limits":[
				0,"(2*10**3)/(((3320*(30000*0.001)**0.5)+6900)*1000)"
			]
		},
		{   "id":1,"name":"steel_0", "no_of_ranges":3,
			"formulas":[
				"2*(10**8)*x/10 - 385200",
				"2*(10**8)*x",
				"2*(10**8)*x/10 + 385200"
			],
			"range_upper_limits":[
				"-0.00214","0.00214"
			]
		}
    ]

}